id;nom;date_evenement;prix;type_evenement_id;salle_id;order_status
1;Mariage rudy;2021-12-23T22:26:38;36811;1;1;PENDING
2;BEAC payment THX;2021-12-23T12:14:44;8067;2;2;PENDING
3;back-end Account;2021-12-24T00:19:37;74409;3;3;PENDING
4;Shoes;2022-08-23T21:59:09;55507;4;4;PENDING
5;Ã‰gypte monetize;2023-08-23T18:12:49;50332;5;5;PENDING
6;copying;2022-08-23T16:16:57;60827;4;4;PENDING
7;contingency a connecting;2022-08-23T14:45:27;1669;4;3;PENDING
8;indexing c Administrateur;2021-12-23T18:14:19;8584;3;2;PENDING
9;calculate;2021-12-24T00:35:02;89056;2;1;PENDING
10;Auto empowering discrete;2023-08-23T10:42:47;94531;1;1;PENDING
